,MAE train,MAE test,MSE train,MSE test,RMSE train,RMSE test
Decision Tree,2.642988424651818,4.992931301813001,25.021545653292794,133.6959058657616,5.002154101314033,11.562694576341693
Random Forest ,3.189428224583252,4.755909330324592,32.92234028645869,101.9539951275846,5.737799254632275,10.09722710092155
